model,lang_pair,en_only_acc,cm_acc,degradation_ratio,phylo_distance,wals_distance,family
GPT-3.5-Instruct,zh-en,64.9,60.99,0.060246533127889114,2,0.62,Sino-Tibetan
GPT-3.5-Instruct,hi-en,64.9,53.32,0.1784283513097073,1,0.55,Indo-Aryan
GPT-3.5-Instruct,bn-en,64.9,46.32,0.2862865947611711,1,0.57,Indo-Aryan
GPT-3.5-Instruct,mr-en,64.9,46.95,0.2765793528505393,1,0.59,Indo-Aryan
GPT-3.5-Instruct,ne-en,64.9,46.7,0.28043143297380585,1,0.56,Indo-Aryan
GPT-3.5-Instruct,es-en,64.9,65.01,-0.0016949152542372792,1,0.39,Romance
GPT-3.5-Instruct,fr-en,64.9,67.21,-0.035593220338982864,1,0.38,Romance
GPT-3.5-Instruct,ar-en,64.9,53.94,0.16887519260400627,2,0.67,Afro-Asiatic
GPT-3.5-Instruct,ta-en,64.9,44.03,0.3215716486902928,2,0.72,Dravidian
GPT-3.5-Instruct,nl-en,64.9,66.08,-0.018181818181818066,0,0.25,Germanic
GPT-3.5-Instruct,de-en,64.9,67.63,-0.04206471494607072,0,0.28,Germanic
GPT-3.5-Turbo,zh-en,66.3,60.81,0.08280542986425332,2,0.62,Sino-Tibetan
GPT-3.5-Turbo,hi-en,66.3,55.37,0.16485671191553544,1,0.55,Indo-Aryan
GPT-3.5-Turbo,bn-en,66.3,47.49,0.28371040723981894,1,0.57,Indo-Aryan
GPT-3.5-Turbo,mr-en,66.3,49.67,0.2508295625942684,1,0.59,Indo-Aryan
GPT-3.5-Turbo,ne-en,66.3,48.78,0.2642533936651583,1,0.56,Indo-Aryan
GPT-3.5-Turbo,es-en,66.3,69.2,-0.043740573152337946,1,0.39,Romance
GPT-3.5-Turbo,fr-en,66.3,68.83,-0.03815987933634994,1,0.38,Romance
GPT-3.5-Turbo,ar-en,66.3,56.45,0.14856711915535437,2,0.67,Afro-Asiatic
GPT-3.5-Turbo,ta-en,66.3,45.75,0.3099547511312217,2,0.72,Dravidian
GPT-3.5-Turbo,nl-en,66.3,67.14,-0.012669683257918604,0,0.25,Germanic
GPT-3.5-Turbo,de-en,66.3,68.46,-0.03257918552036194,0,0.28,Germanic
GPT-4-Turbo,zh-en,83.1,79.08,0.048375451263537865,2,0.62,Sino-Tibetan
GPT-4-Turbo,hi-en,83.1,77.83,0.06341756919374243,1,0.55,Indo-Aryan
GPT-4-Turbo,bn-en,83.1,72.26,0.13044524669073393,1,0.57,Indo-Aryan
GPT-4-Turbo,mr-en,83.1,72.26,0.13044524669073393,1,0.59,Indo-Aryan
GPT-4-Turbo,ne-en,83.1,72.78,0.12418772563176889,1,0.56,Indo-Aryan
GPT-4-Turbo,es-en,83.1,81.24,0.0223826714801444,1,0.39,Romance
GPT-4-Turbo,fr-en,83.1,81.21,0.02274368231046932,1,0.38,Romance
GPT-4-Turbo,ar-en,83.1,77.06,0.07268351383874841,2,0.67,Afro-Asiatic
GPT-4-Turbo,ta-en,83.1,64.09,0.22876052948255104,2,0.72,Dravidian
GPT-4-Turbo,nl-en,83.1,82.64,0.005535499398315208,0,0.25,Germanic
GPT-4-Turbo,de-en,83.1,80.71,0.028760529482551152,0,0.28,Germanic
GPT-4o,zh-en,85.6,82.97,0.03072429906542051,2,0.62,Sino-Tibetan
GPT-4o,hi-en,85.6,82.13,0.04053738317757008,1,0.55,Indo-Aryan
GPT-4o,bn-en,85.6,78.28,0.08551401869158871,1,0.57,Indo-Aryan
GPT-4o,mr-en,85.6,77.98,0.08901869158878493,1,0.59,Indo-Aryan
GPT-4o,ne-en,85.6,76.7,0.10397196261682233,1,0.56,Indo-Aryan
GPT-4o,es-en,85.6,86.3,-0.008177570093457978,1,0.39,Romance
GPT-4o,fr-en,85.6,85.28,0.003738317757009266,1,0.38,Romance
GPT-4o,ar-en,85.6,80.35,0.061331775700934586,2,0.67,Afro-Asiatic
GPT-4o,ta-en,85.6,70.77,0.17324766355140186,2,0.72,Dravidian
GPT-4o,nl-en,85.6,85.37,0.002686915887850348,0,0.25,Germanic
GPT-4o,de-en,85.6,84.6,0.011682242990654207,0,0.28,Germanic
LLaMA2-7B,zh-en,38.0,30.8,0.1894736842105263,2,0.62,Sino-Tibetan
LLaMA2-7B,hi-en,38.0,29.0,0.23684210526315788,1,0.55,Indo-Aryan
LLaMA2-7B,bn-en,38.0,25.49,0.3292105263157895,1,0.57,Indo-Aryan
LLaMA2-7B,mr-en,38.0,29.05,0.23552631578947367,1,0.59,Indo-Aryan
LLaMA2-7B,ne-en,38.0,25.91,0.3181578947368421,1,0.56,Indo-Aryan
LLaMA2-7B,es-en,38.0,32.37,0.14815789473684218,1,0.39,Romance
LLaMA2-7B,fr-en,38.0,34.78,0.08473684210526312,1,0.38,Romance
LLaMA2-7B,ar-en,38.0,25.71,0.32342105263157894,2,0.67,Afro-Asiatic
LLaMA2-7B,ta-en,38.0,26.65,0.29868421052631583,2,0.72,Dravidian
LLaMA2-7B,nl-en,38.0,32.6,0.1421052631578947,0,0.25,Germanic
LLaMA2-7B,de-en,38.0,34.32,0.09684210526315788,0,0.28,Germanic
LLaMA3-70B,zh-en,77.2,73.79,0.044170984455958504,2,0.62,Sino-Tibetan
LLaMA3-70B,hi-en,77.2,74.61,0.033549222797927505,1,0.55,Indo-Aryan
LLaMA3-70B,bn-en,77.2,69.75,0.09650259067357517,1,0.57,Indo-Aryan
LLaMA3-70B,mr-en,77.2,67.29,0.12836787564766836,1,0.59,Indo-Aryan
LLaMA3-70B,ne-en,77.2,66.52,0.1383419689119172,1,0.56,Indo-Aryan
LLaMA3-70B,es-en,77.2,79.67,-0.03199481865284973,1,0.39,Romance
LLaMA3-70B,fr-en,77.2,78.5,-0.01683937823834193,1,0.38,Romance
LLaMA3-70B,ar-en,77.2,71.86,0.0691709844559586,2,0.67,Afro-Asiatic
LLaMA3-70B,ta-en,77.2,62.18,0.19455958549222802,2,0.72,Dravidian
LLaMA3-70B,nl-en,77.2,79.3,-0.02720207253886003,0,0.25,Germanic
LLaMA3-70B,de-en,77.2,77.18,0.0002590673575129018,0,0.28,Germanic
Mixtral-8x22B,zh-en,75.5,66.64,0.11735099337748343,2,0.62,Sino-Tibetan
Mixtral-8x22B,hi-en,75.5,59.67,0.2096688741721854,1,0.55,Indo-Aryan
Mixtral-8x22B,bn-en,75.5,55.03,0.2711258278145695,1,0.57,Indo-Aryan
Mixtral-8x22B,mr-en,75.5,55.39,0.2663576158940397,1,0.59,Indo-Aryan
Mixtral-8x22B,ne-en,75.5,55.13,0.26980132450331124,1,0.56,Indo-Aryan
Mixtral-8x22B,es-en,75.5,74.17,0.017615894039735076,1,0.39,Romance
Mixtral-8x22B,fr-en,75.5,73.98,0.020132450331125776,1,0.38,Romance
Mixtral-8x22B,ar-en,75.5,59.83,0.2075496688741722,2,0.67,Afro-Asiatic
Mixtral-8x22B,ta-en,75.5,52.34,0.30675496688741716,2,0.72,Dravidian
Mixtral-8x22B,nl-en,75.5,71.98,0.046622516556291335,0,0.25,Germanic
Mixtral-8x22B,de-en,75.5,72.54,0.03920529801324495,0,0.28,Germanic
